<?xml version="1.0" encoding="utf-8"?>
<ConfigSetFile xmlns:xsi="http://www.w3.org/2001/XMLSchema-instance" xmlns:xsd="http://www.w3.org/2001/XMLSchema">
  <Name>DefaultTAConfigSet</Name>
  <Groups>
    <ConfigSetGroup>
      <Name>OnlineLearning</Name>
      <Objects />
      <Properties>
        <ConfigSetProperty>
          <Name>Path</Name>
          <Value>C:\ProgramData\Kofax Transformation\OnlineLearning\project</Value>
          <Index>0</Index>
        </ConfigSetProperty>
      </Properties>
    </ConfigSetGroup>
    <ConfigSetGroup>
      <Name>LocalFuzzyDatabases</Name>
      <Objects>
        <ConfigSetObject>
          <Name>DireccionesTest</Name>
          <Properties>
            <ConfigSetProperty>
              <Name>ImportFilePath</Name>
              <Value>C:\Recursos_Transformation\Tramites\Databases</Value>
              <Index>0</Index>
            </ConfigSetProperty>
            <ConfigSetProperty>
              <Name>UseWindowsAuthentication</Name>
              <Value>1</Value>
              <Index>0</Index>
            </ConfigSetProperty>
            <ConfigSetProperty>
              <Name>User</Name>
              <Value />
              <Index>0</Index>
            </ConfigSetProperty>
            <ConfigSetProperty>
              <Name>EncryptedPassword</Name>
              <Value />
              <Index>0</Index>
            </ConfigSetProperty>
            <ConfigSetProperty>
              <Name>Password</Name>
              <Value>********</Value>
              <Index>0</Index>
            </ConfigSetProperty>
          </Properties>
        </ConfigSetObject>
      </Objects>
      <Properties />
    </ConfigSetGroup>
    <ConfigSetGroup>
      <Name>Dictionaries</Name>
      <Objects>
        <ConfigSetObject>
          <Name>DNI_TEMP</Name>
          <Properties>
            <ConfigSetProperty>
              <Name>ImportFilePath</Name>
              <Value>C:\Recursos_Transformation\Tramites\Dictionaries</Value>
              <Index>0</Index>
            </ConfigSetProperty>
            <ConfigSetProperty>
              <Name>UseWindowsAuthentication</Name>
              <Value>1</Value>
              <Index>0</Index>
            </ConfigSetProperty>
            <ConfigSetProperty>
              <Name>User</Name>
              <Value />
              <Index>0</Index>
            </ConfigSetProperty>
            <ConfigSetProperty>
              <Name>EncryptedPassword</Name>
              <Value />
              <Index>0</Index>
            </ConfigSetProperty>
            <ConfigSetProperty>
              <Name>Password</Name>
              <Value>********</Value>
              <Index>0</Index>
            </ConfigSetProperty>
          </Properties>
        </ConfigSetObject>
        <ConfigSetObject>
          <Name>AFIP_ACTIVIDADES</Name>
          <Properties>
            <ConfigSetProperty>
              <Name>ImportFilePath</Name>
              <Value>C:\Recursos_Transformation\Tramites\Dictionaries</Value>
              <Index>0</Index>
            </ConfigSetProperty>
            <ConfigSetProperty>
              <Name>UseWindowsAuthentication</Name>
              <Value>1</Value>
              <Index>0</Index>
            </ConfigSetProperty>
            <ConfigSetProperty>
              <Name>User</Name>
              <Value />
              <Index>0</Index>
            </ConfigSetProperty>
            <ConfigSetProperty>
              <Name>EncryptedPassword</Name>
              <Value />
              <Index>0</Index>
            </ConfigSetProperty>
            <ConfigSetProperty>
              <Name>Password</Name>
              <Value>********</Value>
              <Index>0</Index>
            </ConfigSetProperty>
          </Properties>
        </ConfigSetObject>
        <ConfigSetObject>
          <Name>RubrosHabilitaciones</Name>
          <Properties>
            <ConfigSetProperty>
              <Name>ImportFilePath</Name>
              <Value>C:\Recursos_Transformation\Tramites\Dictionaries</Value>
              <Index>0</Index>
            </ConfigSetProperty>
            <ConfigSetProperty>
              <Name>UseWindowsAuthentication</Name>
              <Value>1</Value>
              <Index>0</Index>
            </ConfigSetProperty>
            <ConfigSetProperty>
              <Name>User</Name>
              <Value />
              <Index>0</Index>
            </ConfigSetProperty>
            <ConfigSetProperty>
              <Name>EncryptedPassword</Name>
              <Value />
              <Index>0</Index>
            </ConfigSetProperty>
            <ConfigSetProperty>
              <Name>Password</Name>
              <Value>********</Value>
              <Index>0</Index>
            </ConfigSetProperty>
          </Properties>
        </ConfigSetObject>
      </Objects>
      <Properties />
    </ConfigSetGroup>
  </Groups>
</ConfigSetFile>